IGN,Tallahart
My2ndRen,
My2ndErel,
My2ndDarkKn
My2ndAngelic
My2ndNW,
My2ndHero
My2ndBishop,
My2ndRanger
My2ndSniper
My2ndDBlader,
My2ndKine,
thanhbinh5
My2ndShade
Wild01Hunter,
My2ndSia,
My2ndMikhail
My2ndWA
My2ndPaladin
My2ndPF,
My2ndKhali,
My2ndMoXuan,
My3rdKaiser,
My2ndLumin,
thanhbinh6,
M2AMercedes,
My3rdPhantom,
My2ndLara,
My2ndHoyoung,
My2ndZero,
My2ndDW,
My2ndBW,
My2ndStriker,
My2ndFPMage,
My2ndILMage,
My2ndNL,
My2ndShadow,
My2ndBucc,
My2ndCorsair,
My3rdCannon,
My2ndAdele,
My2ndIllium,
My2ndArk,
My2ndBT,
My2ndKain,
My3rdCadena,
My2ndBlaster,
My2ndDA,
My2ndDS,
thanhbinh15,
My2ndXenon,
My2ndMech,
My2ndHayato,
My2ndKanna,
